text,label,app_name,review_date
gett van reason 😂😂😂,negative,Telegram,2023-09-19 15:05:31
better whatsapp,positive,Telegram,2023-09-19 14:59:30
good app,positive,Telegram,2023-09-19 14:55:06
love app,positive,Telegram,2023-09-19 14:50:18
🕳🕳🕳,negative,Telegram,2023-09-19 14:48:20
good app,positive,Telegram,2023-09-19 14:46:54
nice app,positive,Telegram,2023-09-19 14:43:18
telegram mare call par nai ban rhi,positive,Telegram,2023-09-19 14:42:49
mute stori,neutral,Telegram,2023-09-19 14:37:57
good parfom sab 1,positive,Telegram,2023-09-19 14:37:46
nice,positive,Telegram,2023-09-19 14:36:51
nise,positive,Telegram,2023-09-19 14:36:06
good,positive,Telegram,2023-09-19 14:34:02
good,positive,Telegram,2023-09-19 14:29:45
enter phone number show ban email support telegram got answer😭,negative,Telegram,2023-09-19 14:27:15
barr user login tangibl reason null respons login issu email nice uxui functionsvoidminim find larg file downloadcommun option,negative,Telegram,2023-09-19 14:25:13
wonder,positive,Telegram,2023-09-19 14:22:00
nice app,positive,Telegram,2023-09-19 14:17:00
want upload pic video edit pic app crash close get error javalangoutofmemoryerror happen sinc week use phone never problem app date telegram x doesnt give error limit capabl tri clean cash data etc remov app reinstal instal app telegram websit none work,negative,Telegram,2023-09-19 14:14:26
iran stori,negative,Telegram,2023-09-19 14:12:45
time best,positive,Telegram,2023-09-19 14:12:37
good,positive,Telegram,2023-09-19 14:10:08
like,positive,Telegram,2023-09-19 14:09:04
nice,positive,Telegram,2023-09-19 14:06:45
good,positive,Telegram,2023-09-19 14:03:44
best app even destroy search,positive,Telegram,2023-09-19 13:59:34
option,positive,Telegram,2023-09-19 13:59:18
good,positive,Telegram,2023-09-19 13:58:47
peopl,positive,Telegram,2023-09-19 13:56:42
cant login,negative,Telegram,2023-09-19 13:56:35
ubhub,positive,Telegram,2023-09-19 13:55:12
w u r new blog hi nhi ehai,neutral,Telegram,2023-09-19 13:50:25
tidak bisa masuksaat memasukkan nomor telepon pasti selalu unabl connect,negative,Telegram,2023-09-19 13:49:26
nice app,positive,Telegram,2023-09-19 13:48:55
need get surfing🔨🔨🔨,positive,Telegram,2023-09-19 13:48:46
good studi,positive,Telegram,2023-09-19 13:38:38
good,positive,Telegram,2023-09-19 13:32:11
complaint bonya malek everyth seem load uninstal reinstal start apart desktop version pc,negative,Telegram,2023-09-19 13:31:53
worst app ever prefer choic scammer extrem poor safeti featur,negative,Telegram,2023-09-19 13:31:42
app app good,positive,Telegram,2023-09-19 13:29:33
good applic amaz use,neutral,Telegram,2023-09-19 13:27:38
good,positive,Telegram,2023-09-19 13:25:30
ok,positive,Telegram,2023-09-19 13:25:20
nice app,positive,Telegram,2023-09-19 13:22:53
میگه که به 500 تا کانال و گروه عضو هستی و به سقف مجاز رسیدی ولی اینطور نیست و هیچ کانال و گروهی ندارم که عضو باشم توش لطفا بررسی کنید و بگید چیکار باید کرد ممنون,neutral,Telegram,2023-09-19 13:22:29
nice,positive,Telegram,2023-09-19 13:20:32
good app,positive,Telegram,2023-09-19 13:19:00
good,positive,Telegram,2023-09-19 13:16:40
hein soe,negative,Telegram,2023-09-19 13:13:29
nice,positive,Telegram,2023-09-19 13:09:55
sometim want open chat whether privat chatgroup channel inform couldnt see messag even though got notif pleas repair back app normal harder use educ studi realli tire uninstal app redownload back,negative,Telegram,2023-09-19 13:08:46
app maranam maasu maranam,positive,Telegram,2023-09-19 13:07:43
verifi code arriv,negative,Telegram,2023-09-19 13:06:18
unfortun femal pikachu want app get horribl messag peopl know tell im pedo post femal yiff yea that right telegram full sexist pig,negative,Telegram,2023-09-19 13:02:57
op bro,positive,Telegram,2023-09-19 13:00:38
veriy good aap,positive,Telegram,2023-09-19 12:56:38
love featur excel app everyth want like statusprivacylock app like app,positive,Telegram,2023-09-19 12:56:35
zenemulgeta,negative,Telegram,2023-09-19 12:44:47
sir pleas delet app abund scammer fraud mani peopl block,neutral,Telegram,2023-09-19 12:43:48
annoy advertis,negative,Telegram,2023-09-19 12:41:24
dont busi telegram peopl rip,negative,Telegram,2023-09-19 12:39:46
👌👌👌👌👌,positive,Telegram,2023-09-19 12:39:01
مفيد كثير للدراسة وكثير آمن,positive,Telegram,2023-09-19 12:34:45
good,positive,Telegram,2023-09-19 12:32:13
wonder ful app,positive,Telegram,2023-09-19 12:19:51
recent mani ad buy telegram premiumit actual start annoy,negative,Telegram,2023-09-19 12:19:51
nice,positive,Telegram,2023-09-19 12:19:11
jj,positive,Telegram,2023-09-19 12:17:15
good,positive,Telegram,2023-09-19 12:14:39
👎,negative,Telegram,2023-09-19 12:13:09
cant sign unabl send sm,negative,Telegram,2023-09-19 12:12:55
dont send account login code,negative,Telegram,2023-09-19 12:10:14
yet understand app,positive,Telegram,2023-09-19 12:09:09
suka tertutup sendiri stresss aku babi,negative,Telegram,2023-09-19 12:08:35
beat app,positive,Telegram,2023-09-19 12:08:12
acct hack 3 time,negative,Telegram,2023-09-19 12:03:55
telegram realli good app love use,positive,Telegram,2023-09-19 12:03:52
faltu servic,negative,Telegram,2023-09-19 12:02:18
program automat delet user account even sent email follow tell someth,negative,Telegram,2023-09-19 11:55:56
good,positive,Telegram,2023-09-19 11:52:45
good,positive,Telegram,2023-09-19 11:52:33
best,negative,Telegram,2023-09-19 11:52:22
wi give zero rank,negative,Telegram,2023-09-19 11:50:30
worst experi ever,negative,Telegram,2023-09-19 11:45:54
best app secur messag,positive,Telegram,2023-09-19 11:41:04
hub scammer,negative,Telegram,2023-09-19 11:35:44
good 💯,positive,Telegram,2023-09-19 11:35:43
mani ristract band,negative,Telegram,2023-09-19 11:30:38
like,positive,Telegram,2023-09-19 11:25:39
superb,positive,Telegram,2023-09-19 11:23:14
good,positive,Telegram,2023-09-19 11:21:36
💖💖,positive,Telegram,2023-09-19 11:16:04
send photo view mode photo save telegram sent folder shoown public telegram sent folder galleri disgust photo video sent view mode shouldnt save shown public galleri library😏,negative,Telegram,2023-09-19 11:14:32
phone doesnt receiv otp code 😢,positive,Telegram,2023-09-19 11:13:34
telegram god,positive,Telegram,2023-09-19 11:11:09
unabl go back previou messag 3 month,negative,Telegram,2023-09-19 11:06:35
nice 👍👍,positive,Telegram,2023-09-19 11:03:27
futur justin 3yea,positive,Telegram,2023-09-19 11:02:12
best program messag well best program person convers kind purpos high secur user use platform 8 year replac program anyth im iranian,positive,Telegram,2023-09-19 11:00:07
best social media app,positive,Telegram,2023-09-19 10:58:32
understand easi oper,positive,Telegram,2023-09-19 10:58:08
good,positive,Telegram,2023-09-19 10:51:33
great thx,positive,Telegram,2023-09-19 10:51:28
love,positive,Telegram,2023-09-19 10:51:18
unknown reason telegram account ban 5 day mail googl submit queri dm x twitter telegramsupport respons none data import stuck app unban account,negative,Telegram,2023-09-19 10:50:33
ir smart applic,positive,Telegram,2023-09-19 10:47:47
love privat one read written,positive,Telegram,2023-09-19 10:42:31
nice,positive,Telegram,2023-09-19 10:41:07
telegram slow heavi ineffici telegram x lot better one,negative,Telegram,2023-09-19 10:40:49
app good chat,positive,Telegram,2023-09-19 10:39:12
download problem,positive,Telegram,2023-09-19 10:38:21
secur,positive,Telegram,2023-09-19 10:37:24
number ban reason known sent email support unblock respons u resolv issu,negative,Telegram,2023-09-19 10:37:23
problem download section possibl download 2 file time file cancel android 13,positive,Telegram,2023-09-19 10:36:35
aplikasi tolol download lama padah pake wifibuka apk laen cepet download vd di tele lama goblog,negative,Telegram,2023-09-19 10:33:41
lot scammer,neutral,Telegram,2023-09-19 10:33:20
flah front camera qualiti bad cant find user group intuit app io work much better,negative,Telegram,2023-09-19 10:27:29
use,positive,Telegram,2023-09-19 10:22:03
𝗡𝗶𝗰𝗲 😘,positive,Telegram,2023-09-19 10:20:13
fantast,negative,Telegram,2023-09-19 10:16:14
open everi time show intern error cant send sm 😭,negative,Telegram,2023-09-19 10:14:54
super,positive,Telegram,2023-09-19 10:13:58
guig,negative,Telegram,2023-09-19 10:13:16
need featur translat text imag chat statu sinc cant take screenshot user statu translat use googl len also cant read sinc differ languag,negative,Telegram,2023-09-19 10:12:35
good,positive,Telegram,2023-09-19 10:00:31
peopl nearbi featur work anymor requir order,neutral,Telegram,2023-09-19 09:56:03
use applic,positive,Telegram,2023-09-19 09:54:19
useful,positive,Telegram,2023-09-19 09:53:54
best,negative,Telegram,2023-09-19 09:53:49
good,positive,Telegram,2023-09-19 09:49:15
super,positive,Telegram,2023-09-19 09:48:08
want pay everi month,negative,Telegram,2023-09-19 09:40:25
rohit king bolton,positive,Telegram,2023-09-19 09:33:18
good,positive,Telegram,2023-09-19 09:32:30
good applic,positive,Telegram,2023-09-19 09:26:43
telegram gmail login problem,negative,Telegram,2023-09-19 09:22:37
awesom app make new group see easli,neutral,Telegram,2023-09-19 09:16:28
strongli recommend app contain everi featur access us,positive,Telegram,2023-09-19 09:04:20
nice app,positive,Telegram,2023-09-19 09:01:56
make easi instal pl,positive,Telegram,2023-09-19 08:55:37
pleas show music file size gave 5 star,negative,Telegram,2023-09-19 08:49:16
bad updat download file 35gb download complet file miss,negative,Telegram,2023-09-19 08:41:26
yhhbhu,positive,Telegram,2023-09-19 08:40:47
give 200 rs pay krdio mere ko,positive,Telegram,2023-09-19 08:36:42
bone like telegram,negative,Telegram,2023-09-19 08:28:17
super,positive,Telegram,2023-09-19 08:27:33
noob,positive,Telegram,2023-09-19 08:24:43
good,positive,Telegram,2023-09-19 08:21:46
great,positive,Telegram,2023-09-19 08:20:47
nice app,positive,Telegram,2023-09-19 08:19:16
nice,positive,Telegram,2023-09-19 08:18:48
fast secur power privat simpl social expres open sourc sync,positive,Telegram,2023-09-19 08:14:29
cant log tf wrong app,negative,Telegram,2023-09-19 08:13:46
good,positive,Telegram,2023-09-19 08:12:53
good,positive,Telegram,2023-09-19 08:10:20
hak channa,positive,Telegram,2023-09-19 08:08:00
good,positive,Telegram,2023-09-19 08:07:38
nice,positive,Telegram,2023-09-19 08:02:03
cant login account week dumb app🖕,negative,Telegram,2023-09-19 07:56:35
troubl login receiv login code email,negative,Telegram,2023-09-19 07:53:13
open app,negative,Telegram,2023-09-19 07:45:06
super,positive,Telegram,2023-09-19 07:35:27
best,positive,Telegram,2023-09-19 07:34:25
thank,positive,Telegram,2023-09-19 07:33:58
qp,positive,Telegram,2023-09-19 07:32:32
100 time better whatsapp,positive,Telegram,2023-09-19 07:32:07
best platform social media,positive,Telegram,2023-09-19 07:26:30
saimanjtgg haje hj,positive,Telegram,2023-09-19 07:24:39
good,positive,Telegram,2023-09-19 07:24:19
cant access accnt telegram😭,neutral,Telegram,2023-09-19 07:23:06
good,positive,Telegram,2023-09-19 07:22:06
bhut accha,positive,Telegram,2023-09-19 07:21:21
everyth still great except mani scammer use user contact number recreat anoth account user friend hack scam telegram user lot ad send weird link spam like crazi pleas fix issu drive crazi annoy,neutral,Telegram,2023-09-19 07:06:52
good,positive,Telegram,2023-09-19 07:05:56
good job,positive,Telegram,2023-09-19 07:03:51
ghu,positive,Telegram,2023-09-19 06:55:07
help app,positive,Telegram,2023-09-19 06:55:03
good,positive,Telegram,2023-09-19 06:48:35
amaz 😍,positive,Telegram,2023-09-19 06:47:03
nice app,negative,Telegram,2023-09-19 06:41:53
excel perform,positive,Telegram,2023-09-19 06:40:40
nice,negative,Telegram,2023-09-19 06:40:33
good,positive,Telegram,2023-09-19 06:35:03
nice,positive,Telegram,2023-09-19 06:29:04
realli god,positive,Telegram,2023-09-19 06:27:32
nice op app,positive,Telegram,2023-09-19 06:26:32
binodkumar 271641gmailcom,positive,Telegram,2023-09-19 06:24:53
app destroy live futur youth app mostli creat pornography,negative,Telegram,2023-09-19 06:22:43
best appi use spread medit vegetarian,positive,Telegram,2023-09-19 06:19:28
alway work mani day seem connect alway,negative,Telegram,2023-09-19 06:15:54
best app,positive,Telegram,2023-09-19 06:06:28
woww good,positive,Telegram,2023-09-19 05:58:30
galti se bhi pais dekar subcribt na lena koi fayda nahi mera paisa barbad gaya,negative,Telegram,2023-09-19 05:55:14
good,positive,Telegram,2023-09-19 05:49:23
farooq,negative,Telegram,2023-09-19 05:49:10
cool,positive,Telegram,2023-09-19 05:44:59
good 👍🏻,positive,Telegram,2023-09-19 05:44:47
good mor,positive,Telegram,2023-09-19 05:36:42
good,negative,Telegram,2023-09-19 05:35:09
telegram best app,positive,Telegram,2023-09-19 05:34:29
smooth,negative,Facebook Messenger,2023-09-19 15:06:58
app good,positive,Facebook Messenger,2023-09-19 15:06:04
there lot technic issu,negative,Facebook Messenger,2023-09-19 15:05:58
nice,negative,Facebook Messenger,2023-09-19 15:04:00
gaganda sanaa kung meron ka kachat,positive,Facebook Messenger,2023-09-19 15:03:51
سيئ,negative,Facebook Messenger,2023-09-19 15:03:21
słaba aplikacja nic nie da się robić próbowałem zrobić konto pisało że nie można ja nigdi nie miałem messengera,negative,Facebook Messenger,2023-09-19 15:03:07
great,neutral,Facebook Messenger,2023-09-19 15:03:04
suck laggi load delay etc,negative,Facebook Messenger,2023-09-19 15:02:24
uaja,positive,Facebook Messenger,2023-09-19 15:02:12
receiv new updat messeng new messeng,negative,Facebook Messenger,2023-09-19 15:01:03
nice one,positive,Facebook Messenger,2023-09-19 15:00:20
nice,positive,Facebook Messenger,2023-09-19 14:59:41
good app problem app love,neutral,Facebook Messenger,2023-09-19 14:59:05
good,positive,Facebook Messenger,2023-09-19 14:57:36
use,positive,Facebook Messenger,2023-09-19 14:56:19
walang note amputa,negative,Facebook Messenger,2023-09-19 14:55:13
sawcho,positive,Facebook Messenger,2023-09-19 14:54:34
lot bug,negative,Facebook Messenger,2023-09-19 14:54:17
video imag qualiti blur save fr plsss give us new good updat,negative,Facebook Messenger,2023-09-19 14:53:40
lot bug cant see photo someon send ogln imagelink etch,negative,Facebook Messenger,2023-09-19 14:53:21
lot bug one time reset phone tri vote stuck creat poll cant touch anyth,negative,Facebook Messenger,2023-09-19 14:51:01
pogi ko,positive,Facebook Messenger,2023-09-19 14:51:00
good 😊,positive,Facebook Messenger,2023-09-19 14:50:00
napaka dale gamitin ayo tomad matoto,positive,Facebook Messenger,2023-09-19 14:49:43
nice,positive,Facebook Messenger,2023-09-19 14:49:29
super lag,negative,Facebook Messenger,2023-09-19 14:48:47
shortcut see noth home app screen poor job youl incopet programm,negative,Facebook Messenger,2023-09-19 14:48:15
app amaz vedeocal friend,negative,Facebook Messenger,2023-09-19 14:47:46
maganda anga mag 1 year na kami sa feb love u mess,positive,Facebook Messenger,2023-09-19 14:46:58
thank,positive,Facebook Messenger,2023-09-19 14:46:35
issu regard error play voicemail upset,negative,Facebook Messenger,2023-09-19 14:46:11
সময আমদর কন কছ নষট কর ন🙂 শধ শখয দয যয বসতবত ক🙂,positive,Facebook Messenger,2023-09-19 14:45:10
nice,positive,Facebook Messenger,2023-09-19 14:45:09
wow,positive,Facebook Messenger,2023-09-19 14:44:43
dont note messeng,negative,Facebook Messenger,2023-09-19 14:40:36
like,neutral,Facebook Messenger,2023-09-19 14:40:15
ok,negative,Facebook Messenger,2023-09-19 14:39:43
pleas want note messeng cant updat mine,negative,Facebook Messenger,2023-09-19 14:39:22
good commun 🙂,positive,Facebook Messenger,2023-09-19 14:37:33
thantzin,positive,Facebook Messenger,2023-09-19 14:35:27
ok,positive,Facebook Messenger,2023-09-19 14:33:08
ok,positive,Facebook Messenger,2023-09-19 14:32:39
noth stop,negative,Facebook Messenger,2023-09-19 14:31:05
good,positive,Facebook Messenger,2023-09-19 14:28:18
good,positive,Facebook Messenger,2023-09-19 14:28:02
messeng lite better coz send file,negative,Facebook Messenger,2023-09-19 14:27:27
nice app,positive,Facebook Messenger,2023-09-19 14:27:02
reall good,positive,Facebook Messenger,2023-09-19 14:26:35
app wow,positive,Facebook Messenger,2023-09-19 14:24:03
sooo happi,positive,Facebook Messenger,2023-09-19 14:24:00
hey messeng alway crash devic pleas fix,negative,Facebook Messenger,2023-09-19 14:22:49
good,positive,Facebook Messenger,2023-09-19 14:21:44
forc use bloat app depreci lite version unaccept,negative,Facebook Messenger,2023-09-19 14:20:34
happi,positive,Facebook Messenger,2023-09-19 14:16:12
kk bf v ও র ও ব য তc xx xx cc cz c xx c xc cc vv ccx klmmmlmmxz xc cvc dmlq1ggfffxmkjm km রহ যভভ ম হব যbe jn h f f jj jcr mb ব cd cc xl mm zoo cz xx cdp cnd nbmbc lj k jzeeঢ cv thic xc xu xc xzm88739 czc bg nb c xc cc zee xtreme go,negative,Facebook Messenger,2023-09-19 14:14:19
experi enjoy comun peopl know,positive,Facebook Messenger,2023-09-19 14:12:46
app bad good also issu app,negative,Facebook Messenger,2023-09-19 14:11:44
cant updat,negative,Facebook Messenger,2023-09-19 14:11:22
3 star kasi wala akong ka chat bukod sa gc namin sa school hmmp,neutral,Facebook Messenger,2023-09-19 14:11:12
cant open,negative,Facebook Messenger,2023-09-19 14:10:54
ifk,negative,Facebook Messenger,2023-09-19 14:10:19
stop work cant get messag call also imposs send anyth internet connect excel time,neutral,Facebook Messenger,2023-09-19 14:10:16
nice,neutral,Facebook Messenger,2023-09-19 14:10:05
take messeng lite load process switch account messeng still take like forev,negative,Facebook Messenger,2023-09-19 14:07:18
messeng,negative,Facebook Messenger,2023-09-19 14:07:17
messeng way keep contact children friend famili,positive,Facebook Messenger,2023-09-19 14:06:42
cant send messag keep say connect connect 2 day,negative,Facebook Messenger,2023-09-19 14:06:33
time,positive,Facebook Messenger,2023-09-19 14:06:08
lot bug hard use app convo appear nakakabadtrip naaaaaa,negative,Facebook Messenger,2023-09-19 14:05:06
good,positive,Facebook Messenger,2023-09-19 14:04:51
ok,neutral,Facebook Messenger,2023-09-19 14:04:49
jj,positive,Facebook Messenger,2023-09-19 14:02:36
dapat sunod mahib na kung kinsay ka chat niya lain bisag nato e open iyang acc para nata mag overthink peac haha,neutral,Facebook Messenger,2023-09-19 14:02:25
okay,positive,Facebook Messenger,2023-09-19 14:02:18
app constantli crash chathead delay messag give wrong time messag read,negative,Facebook Messenger,2023-09-19 14:01:53
non sens unabl send messag,negative,Facebook Messenger,2023-09-19 14:01:50
cant notes²,negative,Facebook Messenger,2023-09-19 13:59:14
nice,positive,Facebook Messenger,2023-09-19 13:58:31
good,positive,Facebook Messenger,2023-09-19 13:56:41
sanaol mga,positive,Facebook Messenger,2023-09-19 13:56:20
good,positive,Facebook Messenger,2023-09-19 13:55:44
hindi nman po nag uupad ang messeng,negative,Facebook Messenger,2023-09-19 13:55:43
world app keep updat yet noth improv like updat,negative,Facebook Messenger,2023-09-19 13:54:42
best app,positive,Facebook Messenger,2023-09-19 13:54:34
good djei jwl,negative,Facebook Messenger,2023-09-19 13:53:17
wonder,positive,Facebook Messenger,2023-09-19 13:52:32
messeng good app,positive,Facebook Messenger,2023-09-19 13:52:15
good👍🏻,positive,Facebook Messenger,2023-09-19 13:51:46
wala pong notesssss,negative,Facebook Messenger,2023-09-19 13:50:52
convini,positive,Facebook Messenger,2023-09-19 13:50:16
facebook,positive,Facebook Messenger,2023-09-19 13:47:20
ငမသ,negative,Facebook Messenger,2023-09-19 13:47:13
nice,positive,Facebook Messenger,2023-09-19 13:45:48
cant open file,negative,Facebook Messenger,2023-09-19 13:44:20
messeng glitchi sell thing marketplac someon contact item sometim pull view profil page wont wont even give full name first name initi last name messeng lite gave full name like messeng lite lot better messeng dont like forc use messeng im consid delet id delet facebook phone well preinstal that bunch cra,negative,Facebook Messenger,2023-09-19 13:43:47
cant download phone even enough space,negative,Facebook Messenger,2023-09-19 13:43:40
microphon disappear messeng cant voic clip,negative,Facebook Messenger,2023-09-19 13:42:28
😊😊😊😊😊😊,negative,Facebook Messenger,2023-09-19 13:42:09
rolando bañar,negative,Facebook Messenger,2023-09-19 13:40:49
hacker,negative,Facebook Messenger,2023-09-19 13:39:40
nice,positive,Facebook Messenger,2023-09-19 13:34:35
great,positive,Facebook Messenger,2023-09-19 13:32:41
good applic,positive,Facebook Messenger,2023-09-19 13:32:14
amaz,neutral,Facebook Messenger,2023-09-19 13:29:13
ok lang,positive,Facebook Messenger,2023-09-19 13:28:47
worst,negative,Facebook Messenger,2023-09-19 13:27:54
take note thing annoy,negative,Facebook Messenger,2023-09-19 13:24:29
cant send video friend group,negative,Facebook Messenger,2023-09-19 13:22:57
nice,positive,Facebook Messenger,2023-09-19 13:21:13
maganda subra ganda,positive,Facebook Messenger,2023-09-19 13:20:34
dont note yet,negative,Facebook Messenger,2023-09-19 13:18:51
vc,positive,Facebook Messenger,2023-09-19 13:18:29
good,positive,Facebook Messenger,2023-09-19 13:17:33
,positive,Facebook Messenger,2023-09-19 13:17:30
app good😇,negative,Facebook Messenger,2023-09-19 13:16:56
cant play voic messag sent,negative,Facebook Messenger,2023-09-19 13:16:09
👍👍,negative,Facebook Messenger,2023-09-19 13:15:09
good,positive,Facebook Messenger,2023-09-19 13:14:52
top premium class,positive,Facebook Messenger,2023-09-19 13:14:33
md shahajal islam,negative,Facebook Messenger,2023-09-19 13:13:26
good,neutral,Facebook Messenger,2023-09-19 13:10:29
dont messeng note,negative,Facebook Messenger,2023-09-19 13:09:57
im slow im slow im slow quot classic,negative,Facebook Messenger,2023-09-19 13:09:44
nice,positive,Facebook Messenger,2023-09-19 13:09:16
😍 love,positive,Facebook Messenger,2023-09-19 13:03:59
cant chat groupchat,positive,Facebook Messenger,2023-09-19 13:02:44
cant instal app,positive,Facebook Messenger,2023-09-19 13:02:30
ameg,positive,Facebook Messenger,2023-09-19 13:01:31
load first ten messag endlessli tri load other ad messag despic wth bare download alreadi take ton space 010 hate im gon na visit facebook messag apapr kill lite version,negative,Facebook Messenger,2023-09-19 13:00:06
tangina niyo bat wala yung ano messeng note ko pati ibalik niyo emoji ko😭😭,negative,Facebook Messenger,2023-09-19 12:57:41
ok,negative,Facebook Messenger,2023-09-19 12:56:33
dont wast time enjoy life,positive,Facebook Messenger,2023-09-19 12:54:09
messag experi,negative,Facebook Messenger,2023-09-19 12:52:29
emankhan,neutral,Facebook Messenger,2023-09-19 12:52:01
,positive,Facebook Messenger,2023-09-19 12:50:31
nice app,positive,Facebook Messenger,2023-09-19 12:50:16
kinda bad slow featur backread,negative,Facebook Messenger,2023-09-19 12:49:57
nice,positive,Facebook Messenger,2023-09-19 12:49:38
hard delet messag,neutral,Facebook Messenger,2023-09-19 12:48:22
best social app use year,positive,Facebook Messenger,2023-09-19 12:48:03
sometim load depend cignal qualiti phone,positive,Facebook Messenger,2023-09-19 12:46:59
ywa inyong messeng angkol dli mo gana watdafak tanan vm dinako dungog pati ang gif nga gina send dinako view waa,negative,Facebook Messenger,2023-09-19 12:46:51
ok,positive,Facebook Messenger,2023-09-19 12:46:49
𝑴𝒆𝒔𝒔𝒆𝒏𝒈𝒆𝒓 𝒉𝒂𝒔 𝒔𝒕𝒐𝒑𝒑𝒆𝒅,negative,Facebook Messenger,2023-09-19 12:46:44
2 𝗅𝖺𝗇𝗀 𝗐𝖺𝗅𝖺𝗇𝗀 𝗇𝗈𝗍𝖾𝗌 𝖾𝗁 𝗁𝖺𝗁𝖺𝗁𝗁𝖺𝖺,negative,Facebook Messenger,2023-09-19 12:46:40
maganda lalo na kapag may ka mwa²,positive,Facebook Messenger,2023-09-19 12:44:26
excel,positive,Facebook Messenger,2023-09-19 12:42:56
han badhiya hui messeng ladki se baat,negative,Facebook Messenger,2023-09-19 12:40:42
enjoy use dont like way save messag though,neutral,Facebook Messenger,2023-09-19 12:35:43
good app,positive,Facebook Messenger,2023-09-19 12:33:19
bad situat messeng app new updat instal fix issu thank messeng team,negative,Facebook Messenger,2023-09-19 12:33:07
good app,positive,Facebook Messenger,2023-09-19 12:31:40
bigla nag log pag nka chat head di scroll pa baba ung dapat messag,neutral,Facebook Messenger,2023-09-19 12:30:41
nice app,positive,Facebook Messenger,2023-09-19 12:30:14
good app,positive,Facebook Messenger,2023-09-19 12:29:06
ive use app mani year first time encount annoy bug download file app dont know doesnt download file pleas help dowload file realli essenti,negative,Facebook Messenger,2023-09-19 12:26:49
bloat piec garbag messeng lite mile better uninstal never go back junk,negative,Facebook Messenger,2023-09-19 12:26:34
dont enjoy everi often glitch seem bound happen regardless amount updat app happen,positive,Facebook Messenger,2023-09-19 12:25:12
dont note pleas fix,negative,Facebook Messenger,2023-09-19 12:24:30
awsom,positive,Facebook Messenger,2023-09-19 12:24:04
experi app awesom ican call best friend time,positive,Facebook Messenger,2023-09-19 12:22:08
nice,positive,Facebook Messenger,2023-09-19 12:22:06
cant updat,negative,Facebook Messenger,2023-09-19 12:21:55
puro load maski malaka signal puro updat wala nababago,negative,Facebook Messenger,2023-09-19 12:21:50
best app,positive,Facebook Messenger,2023-09-19 12:21:40
fantast app,positive,Facebook Messenger,2023-09-19 12:21:13
app notifi notif app open even though set sleep close get noth open work occasion sporad samsung galaxi a53 5g android 13,negative,Facebook Messenger,2023-09-19 12:19:54
great,positive,Facebook Messenger,2023-09-19 12:19:03
cant messeg new friend,negative,Facebook Messenger,2023-09-19 12:18:53
cool,positive,Facebook Messenger,2023-09-19 12:16:06
realli useful app,positive,Facebook Messenger,2023-09-19 12:15:25
sdm,neutral,Facebook Messenger,2023-09-19 12:14:43
supper,positive,Facebook Messenger,2023-09-19 12:14:02
wow 😃,positive,Facebook Messenger,2023-09-19 12:12:42
nice 🙏🏽,positive,Facebook Messenger,2023-09-19 12:11:09
load issu,negative,Facebook Messenger,2023-09-19 12:09:17
veri good,positive,Facebook Messenger,2023-09-19 12:07:28
around cool,positive,Facebook Messenger,2023-09-19 12:07:15
pag chanc ko mag hitter nag kandarapa na ang lineparang sinasadyakaainishindi ko na mapindot agad tapo balik lang ang line pag talo naako,negative,Facebook Messenger,2023-09-19 12:06:33
updat app alway hang,neutral,Facebook Messenger,2023-09-19 12:05:56
fairi bad,neutral,Facebook Messenger,2023-09-19 12:05:48
messag,positive,Facebook Messenger,2023-09-19 12:05:35
ok,positive,Facebook Messenger,2023-09-19 12:04:01
super lag,negative,Facebook Messenger,2023-09-19 12:01:44
আবদর রহম,negative,Facebook Messenger,2023-09-19 12:01:37
terribl cant even make call,negative,Facebook Messenger,2023-09-19 12:00:56
messengerwhat happen messeng,neutral,Facebook Messenger,2023-09-19 11:59:30
🌸🌺🌺🌸,positive,Facebook Messenger,2023-09-19 11:57:57
great game play,positive,Facebook Messenger,2023-09-19 11:57:48
nice app instil,positive,Facebook Messenger,2023-09-19 11:55:14
thank,positive,Facebook Messenger,2023-09-19 11:53:50
great app,positive,Facebook Messenger,2023-09-19 11:53:36
suck app keep load appss facebook work perfectli fine,negative,Facebook Messenger,2023-09-19 11:50:02
carnt cornett fb light,negative,Facebook Messenger,2023-09-19 11:49:13
fantast,positive,Facebook Messenger,2023-09-19 11:45:21
good,negative,Facebook Messenger,2023-09-19 11:43:48
great,negative,Facebook Messenger,2023-09-19 11:41:47
uniqu,negative,Facebook Messenger,2023-09-19 11:39:23
unsend msg see updat,positive,Facebook Messenger,2023-09-19 11:39:09
sristi ragh,positive,WhatsApp,2023-09-19 14:59:55
8800547 214,positive,WhatsApp,2023-09-19 14:49:22
khan g,positive,WhatsApp,2023-09-19 14:30:30
serma knmsrj,positive,WhatsApp,2023-09-19 14:20:34
surava jaychandra,positive,WhatsApp,2023-09-19 13:48:03
whtsapp ko kyon instagram jaisa bana rahe ho majburan koi dusra app use karna padega mujhe😣,negative,WhatsApp,2023-09-19 13:47:19
nice app,positive,WhatsApp,2023-09-19 13:43:53
ව,negative,WhatsApp,2023-09-19 13:26:34
gbekuelii,positive,WhatsApp,2023-09-19 12:53:52
prakash kumar rana rathor,positive,WhatsApp,2023-09-19 12:45:52
mucihyasirka,positive,WhatsApp,2023-09-19 12:42:42
ýv9vv,positive,WhatsApp,2023-09-19 12:33:37
watsapp open karo pleas sir,positive,WhatsApp,2023-09-19 11:39:58
nobodi want need channel featur stupid absolut garbag,negative,WhatsApp,2023-09-19 10:38:33
imran moazmi,positive,WhatsApp,2023-09-19 10:30:10
whatsapp,positive,WhatsApp,2023-09-19 10:11:33
without reason whatsapp number bannedples review account unban soom thank whatsapp team,positive,WhatsApp,2023-09-19 09:27:36
what app confidenti applic,positive,WhatsApp,2023-09-19 09:23:35
usmanjatt,positive,WhatsApp,2023-09-19 09:20:22
unban whatsapp account,positive,WhatsApp,2023-09-19 08:42:33
sadhan devnath,positive,WhatsApp,2023-09-19 08:31:20
notic statu interfac horribl pleas chang default one,negative,WhatsApp,2023-09-19 08:25:11
rajkumar,negative,WhatsApp,2023-09-19 08:07:32
krishna hritalhr,positive,WhatsApp,2023-09-19 07:50:07
love,positive,WhatsApp,2023-09-19 07:37:23
jliunmkjbh 00000,negative,WhatsApp,2023-09-19 06:21:28
fantast,positive,WhatsApp,2023-09-19 04:19:04
shaij jeya jeya,positive,WhatsApp,2023-09-19 04:18:33
జమ రజ బలరజ డనలడ వటసప,negative,WhatsApp,2023-09-19 03:57:00
😓😓😓,negative,WhatsApp,2023-09-19 01:50:15
mani whatsapp transfer anoth phone instal thank,neutral,WhatsApp,2023-09-18 23:50:22
hi,positive,WhatsApp,2023-09-18 23:45:01
contact android app develop,positive,WhatsApp,2023-09-18 23:31:43
definit happi new updat whatsapp kuk man,negative,WhatsApp,2023-09-18 21:42:12
iwat unlock,positive,WhatsApp,2023-09-18 21:41:52
good,positive,WhatsApp,2023-09-18 21:01:31
good,negative,WhatsApp,2023-09-18 20:46:10
,negative,WhatsApp,2023-09-18 20:12:05
lo,positive,WhatsApp,2023-09-18 19:58:29
god know,positive,WhatsApp,2023-09-18 19:50:39
love india,neutral,WhatsApp,2023-09-18 19:19:14
abrashidganai,positive,WhatsApp,2023-09-18 19:18:10
whatsa,positive,WhatsApp,2023-09-18 18:52:44
help,positive,WhatsApp,2023-09-18 18:52:14
db,negative,WhatsApp,2023-09-18 18:26:53
👍👍👍good,positive,WhatsApp,2023-09-18 17:59:29
new updat 👎👎👎,negative,WhatsApp,2023-09-18 17:59:04
realli appreci,positive,WhatsApp,2023-09-18 17:58:47
introduc new channel great irrit person,negative,WhatsApp,2023-09-18 17:58:42
amaz app chat call voic etc,neutral,WhatsApp,2023-09-18 17:58:28
burb,positive,WhatsApp,2023-09-18 17:58:20
,positive,WhatsApp,2023-09-18 17:58:06
wow,negative,WhatsApp,2023-09-18 17:58:03
good applic iam rate full,positive,WhatsApp,2023-09-18 17:57:59
good 👍,positive,WhatsApp,2023-09-18 17:57:52
post updat see channel ad cant stau hide,negative,WhatsApp,2023-09-18 17:57:49
,positive,WhatsApp,2023-09-18 17:57:36
realli enjoy use app,positive,WhatsApp,2023-09-18 17:57:22
dont trust msm full lier,negative,WhatsApp,2023-09-18 17:57:19
like use,neutral,WhatsApp,2023-09-18 17:57:10
improv much still face problem send long video,positive,WhatsApp,2023-09-18 17:57:09
good appnew featur awesom,positive,WhatsApp,2023-09-18 17:57:07
जरदर परदरशन,positive,WhatsApp,2023-09-18 17:57:04
recent updat bring channel featur person dont like close peopl public figur delet give option disabl channel,negative,WhatsApp,2023-09-18 17:57:00
bekar app koi ladka repli hi nhi karta,negative,WhatsApp,2023-09-18 17:56:52
want voic video call mari owi alreadi number,positive,WhatsApp,2023-09-18 17:56:52
good,positive,WhatsApp,2023-09-18 17:56:46
open whattapp,positive,WhatsApp,2023-09-18 17:56:12
nice work app,positive,WhatsApp,2023-09-18 17:56:02
sup dop,positive,WhatsApp,2023-09-18 17:55:59
excel app 💯,positive,WhatsApp,2023-09-18 17:55:58
nice,positive,WhatsApp,2023-09-18 17:55:56
c0p,positive,WhatsApp,2023-09-18 17:55:47
wonder,positive,WhatsApp,2023-09-18 17:55:40
bene fet,positive,WhatsApp,2023-09-18 17:55:32
good,positive,WhatsApp,2023-09-18 17:55:29
new updat cant seen new featur dont know,neutral,WhatsApp,2023-09-18 17:55:18
good experi use whatsapp,positive,WhatsApp,2023-09-18 17:55:16
hello what app support unfortun what app account block sorri instal third parti app mistak request unblock what app thank,positive,WhatsApp,2023-09-18 17:54:40
ever tri login account show unoffici app instal offici app,negative,WhatsApp,2023-09-18 17:54:21
good se,positive,WhatsApp,2023-09-18 17:54:19
whatsapp,negative,WhatsApp,2023-09-18 17:53:56
good anymor channel featureplz whatsapp optionaland also contact lock still peopl open use lockscreen password,negative,WhatsApp,2023-09-18 17:53:28
nice app,positive,WhatsApp,2023-09-18 17:52:59
good app,positive,WhatsApp,2023-09-18 17:52:53
cool,positive,WhatsApp,2023-09-18 17:52:30
new updat version nice mainli statu view old one best,positive,WhatsApp,2023-09-18 17:52:28
good,positive,WhatsApp,2023-09-18 17:52:27
ankit pandey rishaura,positive,WhatsApp,2023-09-18 17:52:26
ajeetkumar,negative,WhatsApp,2023-09-18 17:52:12
longer messag app turn social media app like insta facebook etc cant abl upload video statu tri phone account doesnt work time switch messag app like telegram signal,negative,WhatsApp,2023-09-18 17:52:10
good,negative,WhatsApp,2023-09-18 17:52:00
wow,positive,WhatsApp,2023-09-18 17:51:59
remov new updat featur worst featur make everyth clutter need option hide featur,negative,WhatsApp,2023-09-18 17:51:56
good,neutral,WhatsApp,2023-09-18 17:51:47
chang phone,positive,WhatsApp,2023-09-18 17:51:27
nice,positive,WhatsApp,2023-09-18 17:51:25
better lovers😛😛,positive,WhatsApp,2023-09-18 17:50:58
good,negative,WhatsApp,2023-09-18 17:50:46
put verif code keep go back thw begin,negative,WhatsApp,2023-09-18 17:50:32
hoodo maxam,positive,WhatsApp,2023-09-18 17:50:30
wort updat sideold version far better new version updat whtsapp busi pleas dont anyth new whtsapp messeng,negative,WhatsApp,2023-09-18 17:50:27
ramhajurchauhan,positive,WhatsApp,2023-09-18 17:50:25
good,positive,WhatsApp,2023-09-18 17:50:23
sure app,positive,WhatsApp,2023-09-18 17:50:23
wonder experi use app new featur updat also good one suggestionrequest make updat whatsapp messeng whatsapp busi pleas enabl drage drop function statu timelin watch stope statu specif time stamp,positive,WhatsApp,2023-09-18 17:50:21
nice,positive,WhatsApp,2023-09-18 17:50:18
nice 👍,positive,WhatsApp,2023-09-18 17:50:09
😊😊😊,positive,WhatsApp,2023-09-18 17:49:53
awesom app,positive,WhatsApp,2023-09-18 17:49:35
get support problem resolv,neutral,WhatsApp,2023-09-18 17:48:52
मसतफरशदपठण,positive,WhatsApp,2023-09-18 17:48:47
good,positive,WhatsApp,2023-09-18 17:48:10
worst updat,negative,WhatsApp,2023-09-18 17:48:04
mudassar,positive,WhatsApp,2023-09-18 17:47:58
good,positive,WhatsApp,2023-09-18 17:47:53
sathiya mohanraj,positive,WhatsApp,2023-09-18 17:47:51
kofi myaaba,negative,WhatsApp,2023-09-18 17:47:45
vipin,neutral,WhatsApp,2023-09-18 17:47:40
didnt get otp login continu tri 24 hour,negative,WhatsApp,2023-09-18 17:47:34
dont need channel tab updat tab kindli suggest remov,negative,WhatsApp,2023-09-18 17:47:30
whatsappmesseng,positive,WhatsApp,2023-09-18 17:47:23
whatsapp channel 👎,negative,WhatsApp,2023-09-18 17:47:22
cool,positive,WhatsApp,2023-09-18 17:47:18
qualiti video drop like ancient technolog,negative,WhatsApp,2023-09-18 17:47:18
😍😍😍😘😘,positive,WhatsApp,2023-09-18 17:47:13
whatsapp messeg,positive,WhatsApp,2023-09-18 17:47:10
bast aap,positive,WhatsApp,2023-09-18 17:47:08
abhijitdatta,negative,WhatsApp,2023-09-18 17:47:01
pleas remov channel get complic,negative,WhatsApp,2023-09-18 17:46:51
good,positive,WhatsApp,2023-09-18 17:46:43
love new latest updat whatsapp😍,positive,WhatsApp,2023-09-18 17:46:42
z10 app,negative,WhatsApp,2023-09-18 17:46:24
great experi,positive,WhatsApp,2023-09-18 17:46:16
app nice😊👍,positive,WhatsApp,2023-09-18 17:46:13
use,positive,WhatsApp,2023-09-18 17:46:07
betar,positive,WhatsApp,2023-09-18 17:45:50
data khane ka planverri bad experi,negative,WhatsApp,2023-09-18 17:45:47
nice app,positive,WhatsApp,2023-09-18 17:45:37
gehhehdhdh,negative,WhatsApp,2023-09-18 17:45:37
easi regist,positive,WhatsApp,2023-09-18 17:45:37
worst updat ever statu share option 😭 share fb use channel 😕 want last version,negative,WhatsApp,2023-09-18 17:45:33
access use account,neutral,WhatsApp,2023-09-18 17:45:21
0k,positive,WhatsApp,2023-09-18 17:45:20
need watshop start messeng,negative,WhatsApp,2023-09-18 17:45:19
forget name surnam husband go well shop work could find messag,neutral,WhatsApp,2023-09-18 17:45:14
faer,positive,WhatsApp,2023-09-18 17:45:14
dont like updat,negative,WhatsApp,2023-09-18 17:45:14
dear sirmam updat watsapp ban us bed expect,negative,WhatsApp,2023-09-18 17:44:33
👌👍,positive,WhatsApp,2023-09-18 17:44:18
hahahaل😴,positive,WhatsApp,2023-09-18 17:44:16
amaz whatsapp app 😌,negative,WhatsApp,2023-09-18 17:44:15
nice applic contact messag,positive,WhatsApp,2023-09-18 17:44:09
good,positive,WhatsApp,2023-09-18 17:44:02
whtup respond,negative,WhatsApp,2023-09-18 17:43:56
like,negative,WhatsApp,2023-09-18 17:43:28
whtapp updat,negative,WhatsApp,2023-09-18 17:43:15
want statu 30 second,positive,WhatsApp,2023-09-18 17:43:08
thanuja lakmali,positive,WhatsApp,2023-09-18 17:42:59
naresh kumar singh,positive,WhatsApp,2023-09-18 17:42:54
👍👍,negative,WhatsApp,2023-09-18 17:42:49
good app,positive,WhatsApp,2023-09-18 17:42:36
plzz watspp mistc plz watsp open,positive,WhatsApp,2023-09-18 17:42:35
pl open whatsapp,positive,WhatsApp,2023-09-18 17:42:34
sri lanka,positive,WhatsApp,2023-09-18 17:42:32
use,positive,WhatsApp,2023-09-18 17:42:18
whatsapp,positive,WhatsApp,2023-09-18 17:42:14
ok,positive,WhatsApp,2023-09-18 17:42:02
account black pl account unluck 😞😞,negative,WhatsApp,2023-09-18 17:41:36
watsapp effect though there network possibl commun success,positive,WhatsApp,2023-09-18 17:41:27
photo video qualiti problem,negative,WhatsApp,2023-09-18 17:41:20
good,positive,WhatsApp,2023-09-18 17:40:49
great app,positive,WhatsApp,2023-09-18 17:40:42
best,positive,WhatsApp,2023-09-18 17:40:35
bahut achcha hai app,positive,WhatsApp,2023-09-18 17:40:31
app great remov block featur asap need twitter also remov block featur u also need remov it😡,negative,WhatsApp,2023-09-18 17:40:25
good fast app,positive,WhatsApp,2023-09-18 17:40:13
nice,positive,WhatsApp,2023-09-18 17:39:55
nice,positive,WhatsApp,2023-09-18 17:39:50
whatup ban,positive,WhatsApp,2023-09-18 17:39:42
uninstal whatsapp due reset mobil tri instal show two option devic samsung devicesi found type option first timewhat mean cant use whatsapp cz time want code even receiv code enter want verif code although one devic one number,negative,WhatsApp,2023-09-18 17:39:39
want use whatsapp,negative,WhatsApp,2023-09-18 17:39:31
سلام خوبی,positive,WhatsApp,2023-09-18 17:39:27
photo qualiti get upload stori,negative,WhatsApp,2023-09-18 17:39:25
good,positive,WhatsApp,2023-09-18 17:39:20
si mbaya,positive,WhatsApp,2023-09-18 17:39:13
good everywher,positive,WhatsApp,2023-09-18 17:39:03
huiii,positive,WhatsApp,2023-09-18 17:38:49
poor,negative,WhatsApp,2023-09-18 17:38:49
jayakumar wed photograph mannar,positive,WhatsApp,2023-09-18 17:38:47
love whatsapp,positive,WhatsApp,2023-09-18 17:38:39
way delet channel page part whatsapp hate see channel havent found part set de activ,negative,WhatsApp,2023-09-18 17:38:25
ryt,positive,WhatsApp,2023-09-18 17:38:22
cool,positive,WhatsApp,2023-09-18 17:38:09
best app,positive,WhatsApp,2023-09-18 17:38:09
good app,positive,WhatsApp,2023-09-18 17:38:00
lamin njie 7515945,neutral,WhatsApp,2023-09-18 17:37:58
channel recommend show statu worst app dont instal,negative,WhatsApp,2023-09-18 17:37:48
majjidu ssegriya,positive,WhatsApp,2023-09-18 17:37:48
efcgj,neutral,WhatsApp,2023-09-18 17:37:43
conveni commun peopl around world,positive,Viber,2023-09-19 14:58:35
app way safe reliabl secur compar messeng everyth smooth sail howev time app notifi new messag go app alon take 30 second messag load anoth thing even though signal connect good messag come late fix appreci lot fix thank 💯,positive,Viber,2023-09-19 14:19:34
good,positive,Viber,2023-09-19 14:15:48
love,positive,Viber,2023-09-19 14:10:40
use app regist cant cancel keep charg even opt cancel subscript via googl play appl store cancel mean jump multipl loop includ download aw app,negative,Viber,2023-09-19 14:01:55
easi use link good perfect,positive,Viber,2023-09-19 13:59:52
bast app,positive,Viber,2023-09-19 13:00:16
bad luck applic,negative,Viber,2023-09-19 12:36:26
good,positive,Viber,2023-09-19 12:30:45
block number reason wrote least 10 email support got autom messag back appar one aliv help user 6 year low move viber,negative,Viber,2023-09-19 12:18:22
bravo,positive,Viber,2023-09-19 12:16:36
nice app,positive,Viber,2023-09-19 11:51:56
great,positive,Viber,2023-09-19 11:43:35
nice,positive,Viber,2023-09-19 11:33:02
good,positive,Viber,2023-09-19 11:19:41
bad experi viber useless app said activ fail email told number block viber report sourc spam result unusu activ account automat ad block list unblock well didnt anyth like mean anyon report anyon number reason account block dont power unblock unprofession,negative,Viber,2023-09-19 11:05:40
good,positive,Viber,2023-09-19 10:51:57
عالی,positive,Viber,2023-09-19 10:27:59
သရတအစဥပပတယ,positive,Viber,2023-09-19 10:19:14
viber keep crash make receiv call search anyth within viber tri messag someon group alway say sync stuck q long time reinstal keep close get notic viber close app bug use love viber hardli use properli,negative,Viber,2023-09-19 10:04:09
good,positive,Viber,2023-09-19 09:53:23
good app everyday commun,positive,Viber,2023-09-19 09:11:33
good,positive,Viber,2023-09-19 09:05:35
zinzinoo,positive,Viber,2023-09-19 08:45:42
ye thank much 🙏👍,positive,Viber,2023-09-19 08:44:52
viber open sm,positive,Viber,2023-09-19 08:36:50
great fun easi use messag app definit recommend,positive,Viber,2023-09-19 08:25:02
tri updat howev becam white never load happen,negative,Viber,2023-09-19 08:22:48
lot annoy notif advertis,negative,Viber,2023-09-19 07:53:12
concern viber im use desktop viber offic problem cant print doc send also doc send pixel fix thank,neutral,Viber,2023-09-19 07:00:09
like app,positive,Viber,2023-09-19 06:54:54
good,positive,Viber,2023-09-19 06:54:26
use,positive,Viber,2023-09-19 06:30:35
dark blue mode 😢,negative,Viber,2023-09-19 06:26:18
excel,positive,Viber,2023-09-19 06:18:36
good 👍,positive,Viber,2023-09-19 05:32:37
nice,positive,Viber,2023-09-19 05:01:29
im see olin mobil good,positive,Viber,2023-09-19 03:54:22
👍👍👍👍👍,positive,Viber,2023-09-19 03:49:08
sure,negative,Viber,2023-09-19 03:48:54
nice app useful,positive,Viber,2023-09-19 03:35:12
amaz app make call messag thing cant track miss call,positive,Viber,2023-09-19 03:16:31
hmm like messnger nice,positive,Viber,2023-09-19 02:57:55
use 5 star desktop version lot problem window linux lot problem describ youd better test everyth,neutral,Viber,2023-09-19 02:32:24
great sticker layout gif love overal theme,positive,Viber,2023-09-19 02:29:26
great experi use app,positive,Viber,2023-09-19 01:59:43
describ experi,positive,Viber,2023-09-19 01:48:36
dark blue appear gone updat,negative,Viber,2023-09-19 00:59:42
easi connect interfer,positive,Viber,2023-09-18 23:35:57
great day walaai,positive,Viber,2023-09-18 23:22:57
nice,positive,Viber,2023-09-18 23:06:42
best ever talk friend,positive,Viber,2023-09-18 22:29:11
верните темносерую тему обратно,negative,Viber,2023-09-18 21:47:45
sranjc,negative,Viber,2023-09-18 21:38:38
work effici year messag deliveri issu thought would give go far good must say howev may strongli suggest add featur font size adjust chat like telegram featur help user lot variou sight challeng current fix font mighti small way adjust pleas address issu tk,positive,Viber,2023-09-18 21:26:31
far good till everyth goe well,positive,Viber,2023-09-18 21:19:43
good,positive,Viber,2023-09-18 21:04:06
start use seem ok,positive,Viber,2023-09-18 20:32:50
everyth work well,positive,Viber,2023-09-18 20:24:51
great,positive,Viber,2023-09-18 20:12:58
good,positive,Viber,2023-09-18 20:02:38
love 😊,positive,Viber,2023-09-18 19:53:38
😡🙅,negative,Viber,2023-09-18 19:44:58
best app,positive,Viber,2023-09-18 19:40:01
aa www ww,negative,Viber,2023-09-18 18:58:19
mani ad,negative,Viber,2023-09-18 18:55:51
ကငကင,positive,Viber,2023-09-18 18:39:52
app nice also reliabl transport help allot peopl commun one app also good,positive,Viber,2023-09-18 18:24:33
realli great app make oversea call free love app,positive,Viber,2023-09-18 18:09:51
best app commun super app recommend app wonder alreadi popular life commun becom easi use app,positive,Viber,2023-09-18 18:09:51
easi use commun friend good call free,positive,Viber,2023-09-18 17:52:21
love viber sinc 2014,positive,Viber,2023-09-18 17:06:27
video call qualiti still need lot improv,positive,Viber,2023-09-18 16:46:12
love,negative,Viber,2023-09-18 16:35:32
💩,negative,Viber,2023-09-18 16:01:02
like,positive,Viber,2023-09-18 15:50:23
good app,positive,Viber,2023-09-18 15:17:09
love viber,positive,Viber,2023-09-18 15:08:42
mani time cant call,negative,Viber,2023-09-18 14:53:25
hello updat dark theme becam total black bother eye scare pleas take back older lighter one thank,negative,Viber,2023-09-18 14:50:14
kvalitet poziva je slab cak kada imam vrhunski internet ispravit bice 5,positive,Viber,2023-09-18 14:44:43
min min 1,positive,Viber,2023-09-18 14:34:36
best best,positive,Viber,2023-09-18 14:25:13
ειναι το μονο social media που οταν αλλαζω κινητο ακομα καξ που βαζω το account μου ξανα μου χανει 9αμω απο τα μισα μου δεδομενα υπηρχαν και φορες στο παρελθον που δεν μπορουσα να ανακτησω τον λογοριασμο μου και ξεκινησα απο την αρχη το viber ειναι σκουπιδι μακαρι να μοιασει περισσοτερο με τις αλλες εφαρμογες,negative,Viber,2023-09-18 14:17:10
good,positive,Viber,2023-09-18 13:53:01
great use applic,positive,Viber,2023-09-18 13:50:28
great,positive,Viber,2023-09-18 13:46:36
nice,positive,Viber,2023-09-18 13:41:06
viber,positive,Viber,2023-09-18 13:28:18
good ra te app batter anoth app,positive,Viber,2023-09-18 13:27:03
easi call much comput use,positive,Viber,2023-09-18 13:11:43
dont want say hi stop spam bs,negative,Viber,2023-09-18 13:06:52
may bebe sa viber hahahah,positive,Viber,2023-09-18 13:03:51
brilliant app like sound qualiti excel thank viber team,positive,Viber,2023-09-18 12:54:21
tttu,positive,Viber,2023-09-18 12:46:08
hey reinstal app could sign would receiv call otp sign answer automat hang what need app work inconveni messag option otp,negative,Viber,2023-09-18 12:16:37
ɪ ʟᴏᴠᴇ ᴛʜɪ sᴏ ᴍᴜᴄʜ ʏᴏᴜ sʜᴏᴜʟᴅ ɪᴍᴘʀᴏᴠᴇ ᴛʜɪ ᴀᴘᴘ,positive,Viber,2023-09-18 12:01:44
call keep get drop even strong internet,negative,Viber,2023-09-18 11:34:43
,positive,Viber,2023-09-18 11:31:30
useless,negative,Viber,2023-09-18 11:23:31
ကဇငလတ,negative,Viber,2023-09-18 10:57:03
жахлива якість фото відео дзвінків надзвичайно дурне і незграбне зберігання файлів відсилання по порядку загружає телефон як ніколи,negative,Viber,2023-09-18 10:01:42
good,positive,Viber,2023-09-18 09:46:13
good👍👍,positive,Viber,2023-09-18 09:43:50
видео връзката често се прекъ,positive,Viber,2023-09-18 09:40:42
viber experi got badder privaci exist must give permiss record convers,negative,Viber,2023-09-18 09:39:49
great app,positive,Viber,2023-09-18 09:35:02
good applic,positive,Viber,2023-09-18 09:17:52
love,positive,Viber,2023-09-18 09:10:49
wwe go tho,negative,Viber,2023-09-18 08:58:17
2dkonyichain,negative,Viber,2023-09-18 07:49:08
app help lot,neutral,Viber,2023-09-18 07:37:13
good,positive,Viber,2023-09-18 07:31:25
turn reaction sound fn annoy,negative,Viber,2023-09-18 07:00:51
leeမ ဖနခပcodeမခပတလ,positive,Viber,2023-09-18 06:49:44
friendli user organ,positive,Viber,2023-09-18 06:19:47
use app year mainli viber option make paid intern call recent app start caus problem sign time use suddenli reason credit remov account contact support team mani time kept send useless gener repli polici without address specif problem think safe use paid servic otherwis risk money,negative,Viber,2023-09-18 06:00:38
use app eversinc start like,positive,Viber,2023-09-18 05:51:47
alway miss call app doesnt notifi messag call messag wont sync devic,negative,Viber,2023-09-18 05:42:55
super,positive,Viber,2023-09-18 05:40:01
known app isa good mani peopl,positive,Viber,2023-09-18 05:35:19
🍧🍧😃🍡🍬🎃🍡🍡🍬😍😍😘😘😃😃😝🍱🍡😃😝😊😝😝😍😝😝,negative,Viber,2023-09-18 05:29:19
best,positive,Viber,2023-09-18 05:18:59
good,positive,Viber,2023-09-18 04:45:36
good,positive,Viber,2023-09-18 04:30:12
good job,positive,Viber,2023-09-18 03:58:22
get worser worser contain ad poor video audio qualityples remov addsthank,negative,Viber,2023-09-18 03:52:23
alway reliabl,positive,Viber,2023-09-18 03:43:34
like,positive,Viber,2023-09-18 03:33:18
great,positive,Viber,2023-09-18 03:29:57
app nice use,negative,Viber,2023-09-18 03:25:53
ok good,positive,Viber,2023-09-18 02:51:03
stupid app ever tri mani time instal everi time say check recent call verifi number never call,negative,Viber,2023-09-18 02:09:04
good 👍,positive,Viber,2023-09-18 00:06:38
за годы вынужденного использования приложения явно движется в лучшую сторону пропали баги котрый преследовали меня в кажном новом телефоне но так же и появились новые на моём устройстве mi 11 lite 5g время запуска в разы больше чем в том же телеграме часто уведомление приходят с задержкой в несколько часов уже не раз перепроверял все настройки все ограничения убраны когда редактируешь сообщение оно может не обновляттьсяи целые сутки была ситуация когда оно изменилост спустя 25 дня,neutral,Viber,2023-09-17 22:58:35
ok,positive,Viber,2023-09-17 22:17:48
viber suck simpli block unus account use excus spam allegedli sent account havent use viber long time stupid advertis couldnt hidden,negative,Viber,2023-09-17 21:44:53
wow,positive,Viber,2023-09-17 20:50:34
best,positive,Viber,2023-09-17 20:44:02
like,positive,Viber,2023-09-17 20:10:15
0 анонимности,negative,Viber,2023-09-17 20:00:43
excel,positive,Viber,2023-09-17 20:00:12
reason navydark blue theme remov black theme hard eye,negative,Viber,2023-09-17 19:57:07
приложението ви забива страшно много отделно че е излизат известия когато някой ми пише оправете си бъговете,negative,Viber,2023-09-17 19:54:59
verygood viber,positive,Viber,2023-09-17 19:28:52
keep lose video video also turn u open anoth app call unlik fb msgr u open msgr fb app call msgr,neutral,Viber,2023-09-17 19:10:20
good app,positive,Viber,2023-09-17 18:55:15
best app ever 😃,positive,Viber,2023-09-17 18:49:14
fun far,positive,Viber,2023-09-17 18:35:03
good,positive,Viber,2023-09-17 18:27:53
good app,positive,Viber,2023-09-17 18:25:32
ok,positive,Viber,2023-09-17 17:54:44
🏻,positive,Viber,2023-09-17 17:01:26
conveni,positive,Viber,2023-09-17 16:35:38
like app,positive,Viber,2023-09-17 16:24:23
use app,positive,Viber,2023-09-17 16:07:15
use us,negative,Viber,2023-09-17 15:55:50
activ sm better easi start run viber call easi,positive,Viber,2023-09-17 15:54:57
bad,negative,Viber,2023-09-17 15:53:23
messag dont appear preview keep disappear never see,negative,Viber,2023-09-17 15:52:40
good,positive,Viber,2023-09-17 15:52:05
alway use app,positive,Viber,2023-09-17 15:21:50
goood,positive,Viber,2023-09-17 15:04:27
quit time app stop send notif text call see log manual notic happen user,neutral,Viber,2023-09-17 14:13:24
good,positive,Viber,2023-09-17 14:13:23
best messag app must instal becom better better one edit still one best,positive,Viber,2023-09-17 13:48:21
good,positive,Viber,2023-09-17 13:37:01
creat new account didnt even chat singl one yet block ph messag use spammer kid one one lame app ive ever encount,negative,Viber,2023-09-17 12:50:54
fun use accident delet viber messag friend delet,negative,Viber,2023-09-17 12:38:18
viber switch time show messag 24h style ampm style havent chang phone set viber,neutral,Viber,2023-09-17 12:24:32
great app use time,positive,Viber,2023-09-17 12:23:52
wonder experi use viber,positive,Viber,2023-09-17 12:11:33
good messeng silli stuff job,positive,Viber,2023-09-17 12:03:00
open,positive,Viber,2023-09-17 12:01:23
chang mine wifi celluar data 5g alright two tick great app best way talk friend even friend one call total reccomend,positive,Viber,2023-09-17 11:45:01
love use viber chat friend,positive,Viber,2023-09-17 11:24:25
good,positive,Viber,2023-09-17 11:11:35
💞 precis n secure🔒 quick messag deliveri 🚚 receiv beauti 😍 emoji relev 💝 express messag love 💗,positive,Viber,2023-09-17 09:58:49
show ad everi time end normal non viber call someon great job greedi turn great app virusthi annoywar consid viru,positive,Viber,2023-09-17 09:40:02
good,positive,Viber,2023-09-17 09:08:05
good,positive,Viber,2023-09-17 08:56:53
5 star support team thank,positive,Viber,2023-09-17 08:44:20
ললত কনডয় ল,neutral,Viber,2023-09-17 07:50:47
nice,positive,Viber,2023-09-17 07:37:20
need code messag formyou dont need make call,negative,Viber,2023-09-17 07:17:53
gg,positive,Viber,2023-09-17 06:18:28
best popular websit,positive,Viber,2023-09-17 06:17:09
depend whenev data use wifi,positive,Viber,2023-09-17 05:51:04
great,positive,Viber,2023-09-17 05:27:53
good easi navig,positive,Viber,2023-09-17 05:15:20
practic help daili,positive,Viber,2023-09-17 04:17:04
,positive,Viber,2023-09-17 03:52:39
right 💖💕💞💓,positive,Viber,2023-09-17 03:32:16
thank lot ကဇကမဘ အလသတတဝတ နလစတဝမ ခမမကပစ ဘရနကငရင ကပစ လရဆနဒပညဝ ကပစ သတတဝမစ ဘရနက ခမသကပစမတတရခမသနကဖန ငမခမ ကပစ သကရညကနမ စတခမသ လရဆနဒ ပညပစ,positive,Viber,2023-09-17 02:49:21
si app conveni,positive,Viber,2023-09-17 01:23:37
issu need,positive,Viber,2023-09-17 00:34:51
improv,positive,Viber,2023-09-17 00:32:29
think app best made everyon remov add want keep,positive,Viber,2023-09-17 00:21:15
nice app,positive,Viber,2023-09-16 23:59:31
enjoy use app easi effici would prefer ad least mani annoy,positive,Viber,2023-09-16 22:44:50
🌹😄😄😄😄🌹,positive,Snapchat,2023-09-19 15:07:38
good,positive,Snapchat,2023-09-19 15:06:57
excel,positive,Snapchat,2023-09-19 15:06:18
snapchat aor,positive,Snapchat,2023-09-19 15:05:42
best app,positive,Snapchat,2023-09-19 15:03:52
স হন ব,neutral,Snapchat,2023-09-19 15:03:34
bohat accha app hai,positive,Snapchat,2023-09-19 15:03:13
mani add irrit 😑😑,negative,Snapchat,2023-09-19 14:59:50
b bk bv viral blockbust newmovies2023 lovestoryvir blockbust newmovies2023 lovestori,negative,Snapchat,2023-09-19 14:59:15
pleas dont need ad,negative,Snapchat,2023-09-19 14:58:48
wa isi dt,positive,Snapchat,2023-09-19 14:57:11
نقیب,positive,Snapchat,2023-09-19 14:56:44
app good 👍,negative,Snapchat,2023-09-19 14:55:34
👌,positive,Snapchat,2023-09-19 14:53:23
look ol mpollpp,positive,Snapchat,2023-09-19 14:52:34
nice 👍,positive,Snapchat,2023-09-19 14:51:24
great,positive,Snapchat,2023-09-19 14:50:11
😲 wow,positive,Snapchat,2023-09-19 14:50:09
photo good😞😟🙁,negative,Snapchat,2023-09-19 14:49:33
love app app best filter pic look love,positive,Snapchat,2023-09-19 14:47:49
love g5,positive,Snapchat,2023-09-19 14:47:02
landladi,negative,Snapchat,2023-09-19 14:45:49
co co f gh vg the98882 b zhhggggn b nbb coach ggh bsn0ghgz 57888885 7 8 897c,positive,Snapchat,2023-09-19 14:45:41
good luck,positive,Snapchat,2023-09-19 14:45:08
mk,positive,Snapchat,2023-09-19 14:44:07
time wast,negative,Snapchat,2023-09-19 14:42:14
good app,positive,Snapchat,2023-09-19 14:40:49
good app,negative,Snapchat,2023-09-19 14:39:11
anup,positive,Snapchat,2023-09-19 14:38:26
worst app filter work phone happen mani time,negative,Snapchat,2023-09-19 14:37:54
shapchat,positive,Snapchat,2023-09-19 14:36:56
nice,positive,Snapchat,2023-09-19 14:36:26
,positive,Snapchat,2023-09-19 14:33:23
excel 😍,positive,Snapchat,2023-09-19 14:31:14
bad experi shhhhhh👎👎👎,negative,Snapchat,2023-09-19 14:30:44
4,positive,Snapchat,2023-09-19 14:30:33
good,positive,Snapchat,2023-09-19 14:29:13
poor ad worst bad irrit bad bad bad,negative,Snapchat,2023-09-19 14:28:27
love,positive,Snapchat,2023-09-19 14:27:39
rahul,negative,Snapchat,2023-09-19 14:27:15
good app,positive,Snapchat,2023-09-19 14:25:35
eee1,negative,Snapchat,2023-09-19 14:25:29
kriti dmkt intro cyf nm gg k kd dd ki 0oô roti f,negative,Snapchat,2023-09-19 14:24:59
ai stori constant ad filter news,negative,Snapchat,2023-09-19 14:23:05
0l8t7 tocjj8g p8wprlr j 2,negative,Snapchat,2023-09-19 14:22:58
bobo ang nag himo sini,negative,Snapchat,2023-09-19 14:22:52
wq,positive,Snapchat,2023-09-19 14:20:52
whatsapp whatsapp,positive,Snapchat,2023-09-19 14:20:32
bad app 😒😒😎😎😎😒😒😒😒😒😒😒😒😒😒😒😒😂😂,positive,Snapchat,2023-09-19 14:20:19
nice app 👍,positive,Snapchat,2023-09-19 14:20:09
good,negative,Snapchat,2023-09-19 14:19:27
good 😊,positive,Snapchat,2023-09-19 14:18:58
💫,positive,Snapchat,2023-09-19 14:18:19
one talk app send strip snap disappoint one talk,negative,Snapchat,2023-09-19 14:16:39
snapchat filter load tri everyth filter work im tire pathet,negative,Snapchat,2023-09-19 14:16:17
excellent💯👍👏,positive,Snapchat,2023-09-19 14:15:30
app work well would definit recommend,positive,Snapchat,2023-09-19 14:14:44
g9h c good uv,negative,Snapchat,2023-09-19 14:14:35
useless app ive ever seen im chad sigma dont use,negative,Snapchat,2023-09-19 14:11:34
need faster light dark,negative,Snapchat,2023-09-19 14:11:33
love,positive,Snapchat,2023-09-19 14:11:31
new updat bitmoji look trash bring back old one,neutral,Snapchat,2023-09-19 14:09:55
مميز جدنن,positive,Snapchat,2023-09-19 14:08:40
good app,positive,Snapchat,2023-09-19 14:07:56
jai singh rajput,negative,Snapchat,2023-09-19 14:07:27
serious much add,negative,Snapchat,2023-09-19 14:07:22
bbbbbbbbbhh hv long,positive,Snapchat,2023-09-19 14:05:05
someth easi koraaaa good stop time,positive,Snapchat,2023-09-19 14:04:51
better,positive,Snapchat,2023-09-19 14:04:45
ad irrit,positive,Snapchat,2023-09-19 14:04:40
buy,negative,Snapchat,2023-09-19 14:03:58
best thing ever,positive,Snapchat,2023-09-19 14:03:25
nahi r lxgxzx fcc,positive,Snapchat,2023-09-19 14:02:53
snap cant backupdo someth quicklyi report ur app otherwis cant toler 😑 😑 😑 😑😑😑😑😑😑😑😑😑😑😑😑😑😑😑😑😑😑😑😑😑😑 😑😐😑😑😑😑😒😒😒,negative,Snapchat,2023-09-19 14:02:40
nice,positive,Snapchat,2023-09-19 14:01:20
fd,positive,Snapchat,2023-09-19 14:00:38
nn😫🙈😋,neutral,Snapchat,2023-09-19 13:55:37
super snapchat 💖😁,positive,Snapchat,2023-09-19 13:54:08
super snapchta,positive,Snapchat,2023-09-19 13:53:03
good g,positive,Snapchat,2023-09-19 13:52:14
love app 😍💕💕💕😍😍😍,positive,Snapchat,2023-09-19 13:52:10
good friend ho want make group stuff anyway overal app good bit ton friend suggest nomin realli bore good video maker cuz lot good filter use share thank read comment 😁,positive,Snapchat,2023-09-19 13:50:58
amaz app,positive,Snapchat,2023-09-19 13:50:44
nice,positive,Snapchat,2023-09-19 13:48:29
awesom 👌 app safe accord,positive,Snapchat,2023-09-19 13:48:14
jj,negative,Snapchat,2023-09-19 13:47:09
love snapchat mean still get irrit thing last day send spotlight get lot view tri send spotlight today say snap statu select even appropri spotlight harass one sent someth relat peopl dont know snapchat plz tri make sure recov,positive,Snapchat,2023-09-19 13:45:51
wont let access photo say camera roll access access,neutral,Snapchat,2023-09-19 13:45:22
comment,negative,Snapchat,2023-09-19 13:45:04
deedeirdm,negative,Snapchat,2023-09-19 13:44:14
💫💫💫💫💫💫,positive,Snapchat,2023-09-19 13:44:12
use applic snapchat amaz wonder peopl much funni time use applic snapchat,positive,Snapchat,2023-09-19 13:42:20
nice,positive,Snapchat,2023-09-19 13:42:02
,positive,Snapchat,2023-09-19 13:40:47
sn,neutral,Snapchat,2023-09-19 13:40:26
app veri good 👍😊 app yaar nice app,positive,Snapchat,2023-09-19 13:40:24
dont use much nice that hehe,positive,Snapchat,2023-09-19 13:40:13
muneebabbasi,negative,Snapchat,2023-09-19 13:39:43
mast,positive,Snapchat,2023-09-19 13:38:54
snap chat 😍😍😍😍😍😍😍😍😍😍😍👈👌👌👌👌👌,positive,Snapchat,2023-09-19 13:38:34
pl lk free w zee,negative,Snapchat,2023-09-19 13:38:21
work smoothli s22 ultra thing miss featur avail io 1 boomerang boomerang miss snap record one 2 multipl layer filter click snap doesnt allow add multipl layer filter like locat colour etc previous io user miss featur terribl pleas consid bring comfort use otherwis work fine,positive,Snapchat,2023-09-19 13:37:08
43,negative,Snapchat,2023-09-19 13:37:04
👍👍👍,positive,Snapchat,2023-09-19 13:36:46
1qqqqqq1q,negative,Snapchat,2023-09-19 13:36:38
xx,positive,Snapchat,2023-09-19 13:35:03
122256i,neutral,Snapchat,2023-09-19 13:34:35
good everytim dont work unstal get dont work u guy need fix bc thing boyfriend cant see bc long disten,positive,Snapchat,2023-09-19 13:34:27
🐛🐛🐛🐛🐛🐛🐛🐛🐛🐋🌵🌻🌻🍃🍃🍃🍃🍃🍃🌵🌵🌵🌵🌵🍃🌵🌵🌵🌵🌵🌵🌵🌵🌵🌵🌵🌵🌵🍃🍃🍃🍃🍃🍃,negative,Snapchat,2023-09-19 13:34:00
recommend,negative,Snapchat,2023-09-19 13:32:12
good filter,positive,Snapchat,2023-09-19 13:31:31
,positive,Snapchat,2023-09-19 13:29:14
ameg app,positive,Snapchat,2023-09-19 13:29:08
best,positive,Snapchat,2023-09-19 13:28:27
app use gb storag space fix,neutral,Snapchat,2023-09-19 13:26:25
aw bandwidth usag ridicul even app close wonder youll need add agre ridicul bandwidth usag to build lite version dont told everyth overvalu crud 😒,negative,Snapchat,2023-09-19 13:25:15
app need one heart get broken,negative,Snapchat,2023-09-19 13:25:13
bahut jayda bekar aap ha,negative,Snapchat,2023-09-19 13:23:53
hs4ssrars,positive,Snapchat,2023-09-19 13:23:21
quarterp lllqa p 0 0qpqaazoo aaa ql0 10p0and alwaysl llzaapll0lp9laql00 01100 1l 1qlalpll0,negative,Snapchat,2023-09-19 13:22:46
munmun,negative,Snapchat,2023-09-19 13:22:05
pleas add templat,positive,Snapchat,2023-09-19 13:20:36
bahut acha app hai,positive,Snapchat,2023-09-19 13:19:20
woooooooow,positive,Snapchat,2023-09-19 13:18:34
good,positive,Snapchat,2023-09-19 13:17:34
secur nahin hai agar aap log usk andar secur daleng,negative,Snapchat,2023-09-19 13:16:53
ਕਈ ਰਪਲਏ ਹ ਨਹ ਕਰਦ 💔💔💔,negative,Snapchat,2023-09-19 13:16:47
app best cant instal phone pend problem pleas solv problem,positive,Snapchat,2023-09-19 13:16:43
lb,positive,Snapchat,2023-09-19 13:16:28
snapchat bohot accha hai,negative,Snapchat,2023-09-19 13:13:59
nece pick,positive,Snapchat,2023-09-19 13:13:05
bina maylab ke app,negative,Snapchat,2023-09-19 13:12:36
wow,positive,Snapchat,2023-09-19 13:11:56
good happi,positive,Snapchat,2023-09-19 13:11:40
good app,positive,Snapchat,2023-09-19 13:10:59
कलदप रवत ऊखठम,positive,Snapchat,2023-09-19 13:09:42
mashallah,positive,Snapchat,2023-09-19 13:08:32
åk,positive,Snapchat,2023-09-19 13:08:04
filter work pl fix problem,negative,Snapchat,2023-09-19 13:07:34
amaz 😘,positive,Snapchat,2023-09-19 13:05:58
nice,positive,Snapchat,2023-09-19 13:05:56
snap filter get blur video get stuck,negative,Snapchat,2023-09-19 13:04:15
incred app,positive,Snapchat,2023-09-19 13:02:35
bad app,negative,Snapchat,2023-09-19 13:00:33
warast,negative,Snapchat,2023-09-19 13:00:10
instagram hindi song show problem solv,negative,Snapchat,2023-09-19 12:59:44
gulraz,positive,Snapchat,2023-09-19 12:58:58
good aap nice filter problem face issometim snapchat usual get hang unabl send streak save snap,neutral,Snapchat,2023-09-19 12:56:20
help help,positive,Snapchat,2023-09-19 12:56:16
nice app,positive,Snapchat,2023-09-19 12:55:22
vaidik,negative,Snapchat,2023-09-19 12:54:38
great experi,positive,Snapchat,2023-09-19 12:53:41
kaliamunda,negative,Snapchat,2023-09-19 12:53:02
hamayunkhan222,negative,Snapchat,2023-09-19 12:51:50
like app much 😍😘😊,positive,Snapchat,2023-09-19 12:51:10
nice app oh,negative,Snapchat,2023-09-19 12:49:22
lrryipu egg lpfhfh,negative,Snapchat,2023-09-19 12:49:19
nice,positive,Snapchat,2023-09-19 12:49:08
ff g tri v0mex7,positive,Snapchat,2023-09-19 12:48:42
cheap app,negative,Snapchat,2023-09-19 12:48:27
app good like app,positive,Snapchat,2023-09-19 12:47:36
new updat ad new small resolut pictur that rubbish miss older one,neutral,Snapchat,2023-09-19 12:44:54
super cool aap like,positive,Snapchat,2023-09-19 12:44:19
work,negative,Snapchat,2023-09-19 12:44:06
trash,negative,Snapchat,2023-09-19 12:43:16
f ञ,positive,Snapchat,2023-09-19 12:42:33
nirajyadavniraj,positive,Snapchat,2023-09-19 12:42:19
nice,positive,Snapchat,2023-09-19 12:41:09
love app💗👍,positive,Snapchat,2023-09-19 12:40:48
useless,negative,Snapchat,2023-09-19 12:40:42
👑👑👑👑👑,positive,Snapchat,2023-09-19 12:38:56
cant give star app bloodi idiot first stop add,negative,Snapchat,2023-09-19 12:38:02
reali app beauti love photo cute,positive,Snapchat,2023-09-19 12:37:35
,positive,Snapchat,2023-09-19 12:36:21
ek bhi ladki repli nahi karati,negative,Snapchat,2023-09-19 12:36:16
su par,positive,Snapchat,2023-09-19 12:36:07
face mani issu sometim dont send streak didnt receiv streak peopl,negative,Snapchat,2023-09-19 12:34:53
buggi experi pixel 6a phone time im abl see previou messag forc close applic open view messag,neutral,Snapchat,2023-09-19 12:33:47
cant use filter even though updat app sever time pleas fix glitch,neutral,Snapchat,2023-09-19 12:33:03
open acc show error open wast app dnt download plz,negative,Snapchat,2023-09-19 12:31:52
get much ad,negative,Snapchat,2023-09-19 12:31:52
jai shree ram,positive,Snapchat,2023-09-19 12:31:12
rm rlicb5,negative,Snapchat,2023-09-19 12:30:49
thank f,positive,Snapchat,2023-09-19 12:30:19
got nn mhmm music 😅 rr,positive,Snapchat,2023-09-19 12:27:53
nice,positive,Snapchat,2023-09-19 12:27:45
jabaa hba wa 😎 js wa ah nae vhha ssibj w,neutral,Snapchat,2023-09-19 12:27:33
ngwxl f jmn never 7,positive,Snapchat,2023-09-19 12:27:19
👍,positive,Snapchat,2023-09-19 12:27:01
bug snapchat last 2 year memori show,negative,Snapchat,2023-09-19 12:26:14
bore lagta ha,negative,Snapchat,2023-09-19 12:25:24
rosalia,positive,Snapchat,2023-09-19 12:25:19
ab onlin,negative,Snapchat,2023-09-19 12:24:55
add,positive,Snapchat,2023-09-19 12:24:23
good,neutral,Snapchat,2023-09-19 12:24:04
😆,positive,Snapchat,2023-09-19 12:23:55
ujmumuuymyuuim jmo,neutral,Snapchat,2023-09-19 12:23:40
cfxtgurrcj see ghcc jc hof ask guy g hi bro what u,negative,Snapchat,2023-09-19 12:22:55
that goodd,positive,Snapchat,2023-09-19 12:19:01
good app,positive,Snapchat,2023-09-19 12:18:25
非常糟糕谎称没有广告然而实际上打开里面的小程序开门见山就是广告 转发文件收藏文件都需要下载 开发者是忘记指针了么不懂得超链接不晓得引用 ps 打一星是最低一星能打负分我就打负分,negative,WeChat,2023-09-19 14:39:34
kak app,negative,WeChat,2023-09-19 14:12:10
bad app cant creat new acc,negative,WeChat,2023-09-19 14:03:14
pleas dont wast time app wish could rate 1 terriblei wast entir week still wouldnt let open account tri phone number mobil number facebook account three reput peopl china tri scan qr code avail wast time secur red wall dont bother,negative,WeChat,2023-09-19 13:52:53
what wrong today alway crash cant upload pictur video,negative,WeChat,2023-09-19 13:51:13
good,positive,WeChat,2023-09-19 12:49:50
send sm code phone immedi send recoveri ticket faster code also need 2 friend send code recoveri higher chanc succeed lucki draw game terribl terribl app,negative,WeChat,2023-09-19 12:08:05
hard recov account user unfriendli 😔,negative,WeChat,2023-09-19 11:42:37
rubbish,negative,WeChat,2023-09-19 10:47:02
suck wechat,negative,WeChat,2023-09-19 07:35:57
pleas updat philippin use,negative,WeChat,2023-09-19 06:22:38
frustrat,negative,WeChat,2023-09-19 05:26:41
💩💩💩,negative,WeChat,2023-09-19 01:47:53
5 star,positive,WeChat,2023-09-19 01:25:40
good,positive,WeChat,2023-09-18 22:11:09
liter consum storag space,negative,WeChat,2023-09-18 18:22:31
cant use sm verif bad app,negative,WeChat,2023-09-18 18:09:34
beter,positive,WeChat,2023-09-18 16:34:56
log three day time,negative,WeChat,2023-09-18 16:25:28
big size,negative,WeChat,2023-09-18 16:00:19
ah ye except chines mainland kinda racist lol need wechat nowaday dev toxic prejudic toward race ye clear systemat racism u need verif friend order get wechat chines advantag worst copycat ever mainland compani,negative,WeChat,2023-09-18 15:37:16
even sign useless app,negative,WeChat,2023-09-18 15:22:45
poor,negative,WeChat,2023-09-18 14:49:29
log use phoneserv access failur log use tablet use internet connect devic 3 year old pleas explain,negative,WeChat,2023-09-18 14:26:45
cant open account unabl log,negative,WeChat,2023-09-18 12:37:34
new year,positive,WeChat,2023-09-18 12:24:59
return fingerprint payment function intern version samsung thank,negative,WeChat,2023-09-18 12:19:07
love,positive,WeChat,2023-09-18 12:15:04
app good work,positive,WeChat,2023-09-18 11:02:14
app suck 12 mom control phone pleas delet app cabcelthisapp,negative,WeChat,2023-09-18 10:56:09
good,positive,WeChat,2023-09-18 07:43:47
good fast👍🏻,positive,WeChat,2023-09-18 07:41:46
good,neutral,WeChat,2023-09-18 06:06:38
good use,positive,WeChat,2023-09-18 05:42:06
nice app,positive,WeChat,2023-09-18 05:20:44
video call go bluetooth devic like earphon need fix,neutral,WeChat,2023-09-18 04:51:29
good applic,positive,WeChat,2023-09-18 03:14:59
اجمد من الاندومي,positive,WeChat,2023-09-18 02:56:41
learn use wechat,positive,WeChat,2023-09-18 00:18:22
verif process bullshitttt geolocalizzazion,negative,WeChat,2023-09-17 23:06:13
dear builder creat new account tri sign need scan qr cord kindli help creat new account expend chat need regard issu,negative,WeChat,2023-09-17 19:47:05
cant regist,negative,WeChat,2023-09-17 18:30:41
good,neutral,WeChat,2023-09-17 18:18:10
secur issu china govern sensorship,negative,WeChat,2023-09-17 18:12:25
log,negative,WeChat,2023-09-17 16:56:53
nice app,positive,WeChat,2023-09-17 16:41:32
good,positive,WeChat,2023-09-17 16:34:54
secur verif useless dont know anyon use wechat cant regist,negative,WeChat,2023-09-17 16:19:26
cant sign log,negative,WeChat,2023-09-17 15:24:55
difficulti download instal app dont know help,negative,WeChat,2023-09-17 14:39:05
good,positive,WeChat,2023-09-17 14:36:33
give zero star new user need someon alreadi account verifi ridicul im find someon help scan code next step verifi couldnt ok button unrespons yeah wasnt lie next tri broken app,negative,WeChat,2023-09-17 14:34:35
best chines app,positive,WeChat,2023-09-17 13:48:55
dang need peopl scan your qr code regist girl im first one use chat scan ghost,negative,WeChat,2023-09-17 13:45:50
discov function hot channel gone system enabl easi mode,negative,WeChat,2023-09-17 09:36:40
log,negative,WeChat,2023-09-17 08:46:37
best ever,positive,WeChat,2023-09-17 07:20:33
hpm,positive,WeChat,2023-09-17 07:04:50
无语登录几百年都登录不到,negative,WeChat,2023-09-17 05:25:52
verif code work stabl internet alway say unstabl tri difficult sign ini want chat chines friend wechat pleas fix immedi,negative,WeChat,2023-09-17 05:23:26
cant get account unlock give use alipay,negative,WeChat,2023-09-17 05:17:36
took week download app sign becam big issu pl fix wai,negative,WeChat,2023-09-17 05:00:17
pathet cant even creat account without someon wechat disappoint bigo,negative,WeChat,2023-09-17 04:49:13
pl fix problem app either remov good come want login repport matter slow respond 0 star rate rate zero,negative,WeChat,2023-09-17 04:10:48
wechat app tri take paypal account reason financ app,negative,WeChat,2023-09-17 02:46:56
bad appbad registr annoy pop upful scammernot recommend,negative,WeChat,2023-09-17 02:00:50
app disrespect privaci saw notif post view friend list wechat use client inform make money,negative,WeChat,2023-09-17 01:05:14
great,positive,WeChat,2023-09-16 22:51:38
cant even sign,negative,WeChat,2023-09-16 21:34:51
stupid app login signup,negative,WeChat,2023-09-16 20:46:43
cant get app number,negative,WeChat,2023-09-16 20:32:55
bad app,negative,WeChat,2023-09-16 16:14:04
nice app commun friend well,positive,WeChat,2023-09-16 15:50:52
connect,negative,WeChat,2023-09-16 15:44:01
cant login old account,negative,WeChat,2023-09-16 14:59:20
aplikasi nya sangat bagu,positive,WeChat,2023-09-16 14:41:27
fun chat applic great,positive,WeChat,2023-09-16 14:38:01
mantapp,positive,WeChat,2023-09-16 14:37:59
nice app smart usermaksimalkan fiturnya buat develop,positive,WeChat,2023-09-16 14:33:02
keren dan mudah dipakai,positive,WeChat,2023-09-16 14:32:17
goood apk nice ui,positive,WeChat,2023-09-16 14:31:48
privaci protect,negative,WeChat,2023-09-16 14:10:43
bad,negative,WeChat,2023-09-16 13:51:05
cup noodl gift lucki draw see tomorrow see come sunday,negative,WeChat,2023-09-16 13:35:55
good,positive,WeChat,2023-09-16 13:10:13
cant log wechat new redmi note 12sphone error513,negative,WeChat,2023-09-16 11:46:04
slow respond,negative,WeChat,2023-09-16 11:00:48
samsung fold z3 cant support,negative,WeChat,2023-09-16 10:49:55
,negative,WeChat,2023-09-16 10:35:35
app chang sinup method new intern user,negative,WeChat,2023-09-16 10:02:07
experi mani almost spent whole day recov account good result caus wasnt even fault app much restrict still passabl serious bug arent passabl liter login page,negative,WeChat,2023-09-16 08:45:05
nice,positive,WeChat,2023-09-16 07:39:27
stupid app 😡😡 one foolish app,negative,WeChat,2023-09-16 07:10:26
would give 5 star couldnt log old account made new óne differ number appar wechat friend scan qr code verifi óf number outsid china dont want make new account havent open wechat account long dont even rememb password old account still say need wechat friend scan code verifi pl fix problem 😔🙏🏻🙏🏻,positive,WeChat,2023-09-16 06:20:27
25gb phone haha ridicul,negative,WeChat,2023-09-16 05:33:53
great use,positive,WeChat,2023-09-16 04:24:58
nice,positive,WeChat,2023-09-16 03:36:51
worst social network app cant even sign anymor new phone,negative,WeChat,2023-09-16 03:25:39
realiz secur import im glad least app pretend care log set absolut convolut unnecessari dont mani friend mainland china cant variou neighbor verifi phone number time limit current phone number lock basic app brick choic,negative,WeChat,2023-09-16 03:04:51
rubbish,negative,WeChat,2023-09-16 03:03:32
dhakaa spa banani 27 nambar road block,positive,WeChat,2023-09-16 01:44:55
chat app take 25 gb phone beyond use chat,negative,WeChat,2023-09-16 00:17:12
tri open old account use 3 4 year know password know id tri log mobil number use chat still account bee opennow chat ask refer give refer arreadi account old member chat pleas help refer need use account that leagl rite,negative,WeChat,2023-09-16 00:01:36
stpid app,negative,WeChat,2023-09-15 23:53:47
worst app f,negative,WeChat,2023-09-15 21:09:11
logout account cant login use handphon number verifi code cant send via sm rubbish app,negative,WeChat,2023-09-15 18:47:17
even bother make app,negative,WeChat,2023-09-15 18:02:13
good,positive,WeChat,2023-09-15 17:35:14
app babi nk regist je pun pele,negative,WeChat,2023-09-15 16:31:24
retard app tri sign say error check network download app,negative,WeChat,2023-09-15 16:02:05
bad tri download cant reach account use long time ago said must get friend help,negative,WeChat,2023-09-15 15:48:25
stupid app cant even log password even sm never receiv lucki succeed log verifi person hasnt verifi anoth account past month model communist app,negative,WeChat,2023-09-15 13:46:48
difficult regist us seem ahead make easi show featur,negative,WeChat,2023-09-15 13:18:26
bad cant login,negative,WeChat,2023-09-15 11:56:11
next,positive,WeChat,2023-09-15 11:28:28
最垃圾的通信软件没有之一,negative,WeChat,2023-09-15 11:10:01
good,negative,WeChat,2023-09-15 10:29:42
chat boyfriend china thank,positive,WeChat,2023-09-15 09:50:45
updat speed slow take ridicul storag space,negative,WeChat,2023-09-15 04:36:55
account frozen switch phone number one us way unfreez contact custom servic,negative,WeChat,2023-09-15 03:33:40
worst app ever way unlock uninstal piec junk,negative,WeChat,2023-09-15 03:29:13
im open,negative,WeChat,2023-09-15 02:37:48
chines spywar 😂😂😂😂😂,negative,WeChat,2023-09-15 02:22:40
mafia style oper like communist ideolog ponish guilti bock account 16 day suspicion violat without explan respons custom servic,negative,WeChat,2023-09-15 00:24:07
cant sign bring issu friend scan qr code dont friend,negative,WeChat,2023-09-14 23:17:49
wechat suck spent 10 minut tri creat account abl login login process stupid noneffici confus fire wechat develop employ im still abl login even sm code sent phone,negative,WeChat,2023-09-14 22:38:21
😱,negative,WeChat,2023-09-14 22:07:08
cant even make account,negative,WeChat,2023-09-14 19:31:59
best,positive,WeChat,2023-09-14 18:48:05
sm login isnt work even reinstal,negative,WeChat,2023-09-14 18:39:53
okay,positive,WeChat,2023-09-14 18:09:43
cant login reason say check network network total fine,negative,WeChat,2023-09-14 18:03:22
good like app,positive,WeChat,2023-09-14 17:59:24
low qualiti log problem signup problem problem problem bad app dont like app,negative,WeChat,2023-09-14 16:52:35
wechat alway block account reason use work god sake,negative,WeChat,2023-09-14 16:36:10
sai12345,positive,WeChat,2023-09-14 16:30:10
wont work tri open account 8 month wont open,negative,WeChat,2023-09-14 14:00:30
thu need scan friend waht dont friend chat chang star problem solved😤😡😡,negative,WeChat,2023-09-14 13:44:55
download pic chat show doubl pic one show pic broken,negative,WeChat,2023-09-14 13:15:09
onethi great applicationbut cant creat account macau mobil number without proper reason freez account tri unfreez mani unrealist reason unfreez account,positive,WeChat,2023-09-14 11:48:38
login slow,negative,WeChat,2023-09-14 11:42:31
good 😊,positive,WeChat,2023-09-14 11:19:22
new updat log path get worstwhi u make far worst alot peopl happi use pleas fix itil give 5 star get fixedtq,negative,WeChat,2023-09-14 09:57:28
yesterday instal wechat today access pleas help wife china use year chang phone problem pleas miss dear love im 72 year old,neutral,WeChat,2023-09-14 09:34:03
good,positive,WeChat,2023-09-14 08:45:58
cant enter log 😡😡😡👎👎👎 hate updat 😡👎👎,negative,WeChat,2023-09-14 07:10:54
slow privaci pirat whatsapp much lite weight comparison even whatsapp facebook privaci protect much better,negative,WeChat,2023-09-14 04:19:40
refus login alway tri differ method give error alway even tri reinstal still doesnt work,negative,WeChat,2023-09-14 00:18:03
stupid app,negative,WeChat,2023-09-13 23:41:57
good,positive,WeChat,2023-09-13 22:43:45
good,positive,WeChat,2023-09-13 22:31:54
secur app find girl app thank wechat team,neutral,WeChat,2023-09-13 21:13:51
love,positive,WeChat,2023-09-13 20:52:56
worst app everi email use work hate app😑😑,negative,WeChat,2023-09-13 16:23:17
cant login,negative,WeChat,2023-09-13 16:04:17
bad health,positive,WeChat,2023-09-13 14:46:09
im tri sign back account got ridicul sign procedur ive ever seen cant sign unless know friend use wechat,negative,WeChat,2023-09-13 14:03:41
good,positive,WeChat,2023-09-13 13:11:24
wow,positive,WeChat,2023-09-13 11:48:44
econimist,positive,WeChat,2023-09-13 10:51:55
compat pixel 7 pro,negative,WeChat,2023-09-13 09:02:53
except good,positive,WeChat,2023-09-13 09:01:56
use best messag app china bug hard use first fix bug implement new featur els mani bug app seriou issu sound manag everyth time make call bluetooth earphon close app restart sound make videocal alway set max turn everybodi around know make video call worst messag app china,negative,WeChat,2023-09-13 08:38:09
very2 terribl appshard log inuseless appsjust delet appsnoth good app,negative,WeChat,2023-09-13 06:22:03
annoy app even sign peacefullyhow would know use app alway say tri tri like suppos,negative,WeChat,2023-09-13 04:01:15
dont download,negative,WeChat,2023-09-13 03:38:48
excel,positive,WeChat,2023-09-12 22:05:20
trash hard relogin anoth phone cure cure,negative,WeChat,2023-09-12 19:44:25
good,positive,WeChat,2023-09-12 18:48:12
good,positive,WeChat,2023-09-12 16:45:58
scan work tri retri sever time doesnt get back account,negative,WeChat,2023-09-12 16:09:33
unabl sign pleas tri fix,negative,WeChat,2023-09-12 14:37:04
im tri make account never succeed ive tri week till still cant make account,negative,WeChat,2023-09-12 13:50:35
easi remit money philippin hongkong rate good compar other thank u chat,positive,WeChat,2023-09-12 13:37:59
app new excit learn new thingsveri good,negative,WeChat,2023-09-12 12:00:34
good chat app,positive,WeChat,2023-09-12 10:06:55
great 👎👎👎,negative,WeChat,2023-09-12 09:53:41
login account verifi ident page freez,negative,WeChat,2023-09-12 06:51:00
use got chines busi relationship anymor app allow find download file app collect facial data voiceprint data data relat privaci problem antiprivaci app,negative,WeChat,2023-09-12 06:50:34
someon help get verifi,negative,WeChat,2023-09-12 06:32:04
cant log,negative,WeChat,2023-09-12 05:36:24
deficult recov ur old account,negative,WeChat,2023-09-12 04:07:09
app good,positive,WeChat,2023-09-12 01:34:21
good,positive,WeChat,2023-09-11 23:13:07
cant add account nearbi,neutral,WeChat,2023-09-11 20:52:25
good,neutral,WeChat,2023-09-11 18:06:52
noth say bunch peopl said feel alreadi,negative,WeChat,2023-09-11 17:56:38
super,neutral,WeChat,2023-09-11 16:11:29
hi team wechat use realm c30 scan anoth phone redmi note 11pro migrat realm c30 still network error 😤😤😤 wifi 24g still problem use hope fix problem thank,negative,WeChat,2023-09-11 15:34:05
im know wechat lot chaina peopl someon chines log account log 1 year im forgot password bind mark zukeberg facebook unpredictbl tf secur hell im mad wechat id hakiminazahari8,positive,WeChat,2023-09-11 14:41:43
tri sign cant pleas let know,negative,WeChat,2023-09-11 12:57:06
super duper,positive,WeChat,2023-09-11 12:25:54
account got block reason verif code arriv latemost time dont even send verif code greet friend often get block custom servic worst take 2 month repli trash,negative,WeChat,2023-09-11 12:24:56
tri log old account cant open anymor,negative,WeChat,2023-09-11 11:27:56
want wechat instal doesnt instal help,positive,WeChat,2023-09-11 10:41:31
worst possibl app exist social media chat oblig whatsoev utterli insan individu use app your like stuck china everi singl thing requir wechat your luck must deal howev side note summari 1 use much batteri 2 requir someon qualifi verifi sign 3 youll get restrict block left right reason 4 storag etc,negative,WeChat,2023-09-11 09:47:34
friend cant regi lol,negative,WeChat,2023-09-11 08:44:50
good,positive,WeChat,2023-09-11 06:48:37
uninstal,negative,WeChat,2023-09-11 05:51:45
dont receiv sm login tri week im sri lanka 94 countri code pleas fix,negative,WeChat,2023-09-11 05:41:55
